target,shifted,method,group,name,n,covered,coverage,ci_low,ci_high,avg_set_size,status
CA,False,split,ALL,everyone,39133,35345,0.9032019012086986,0.9002295735421808,0.9061142444302559,1.1817903048577927,OK
CA,False,split,1,White,24092,21730,0.9019591565664951,0.8981347807065702,0.9056862527419417,1.1839199734351653,OK
CA,False,split,2,Black,1698,1503,0.8851590106007067,0.8690298781312327,0.8999427970384415,1.2249705535924618,FAIL
CA,False,split,3,American Indian,271,244,0.9003690036900369,0.8583574155329036,0.9333105827164945,1.1623616236162362,OK
CA,False,split,4,Alaska Native,2,2,1.0,0.15811388300839305,1.0,1.0,OK
CA,False,split,5,AI/AN tribes,89,83,0.9325842696629213,0.859020435308865,0.9748594714318786,1.2134831460674158,OK
CA,False,split,6,Asian,6597,5935,0.8996513566772776,0.892147451710463,0.9067998239752147,1.1964529331514324,LOW
CA,False,split,7,Native Hawaiian/PI,143,125,0.8741258741258742,0.8083761523164165,0.9236630967638977,1.1958041958041958,LOW
CA,False,split,8,Some other race,4548,4167,0.9162269129287599,0.9077952598841399,0.9241194454676667,1.131046613896218,OK
CA,False,split,9,Two or more races,1693,1556,0.9190785587714116,0.9050535813133449,0.9316292552306441,1.1878322504430006,OK
CA,False,mondrian,ALL,everyone,39133,35344,0.9031763473283418,0.9002036763997828,0.906089037654073,1.182429151866711,OK
CA,False,mondrian,1,White,24092,21712,0.901212020587747,0.8973750191347805,0.9049519255460073,1.1825087165864188,OK
CA,False,mondrian,2,Black,1698,1517,0.8934040047114252,0.8777455404958585,0.9076872067280713,1.2550058892815077,LOW
CA,False,mondrian,3,American Indian,271,244,0.9003690036900369,0.8583574155329036,0.9333105827164945,1.1402214022140222,OK
CA,False,mondrian,4,Alaska Native,2,2,1.0,0.15811388300839305,1.0,2.0,OK
CA,False,mondrian,5,AI/AN tribes,89,79,0.8876404494382022,0.8030591860934606,0.9447855430002281,1.1123595505617978,LOW
CA,False,mondrian,6,Asian,6597,5957,0.9029862058511444,0.89558901444889,0.9100249202208106,1.205093224192815,OK
CA,False,mondrian,7,Native Hawaiian/PI,143,124,0.8671328671328671,0.8003103054814619,0.9180716369316415,1.1818181818181819,LOW
CA,False,mondrian,8,Some other race,4548,4155,0.9135883905013192,0.905044577215921,0.9215966318586382,1.1244503078276165,OK
CA,False,mondrian,9,Two or more races,1693,1554,0.9178972238629651,0.9037886003177251,0.9305359976169596,1.1854695806261075,OK
TX,True,split,ALL,everyone,135924,120101,0.8835893587593067,0.8818725035280157,0.8852898314737829,1.202421941673288,FAIL
TX,True,split,1,White,105835,93181,0.8804365285586053,0.8784666658844128,0.8823855170002887,1.205461331317617,FAIL
TX,True,split,2,Black,12529,11107,0.8865033123154282,0.8808191984032734,0.8920071796658987,1.2194907813871818,FAIL
TX,True,split,3,American Indian,524,460,0.8778625954198473,0.8467227096641802,0.9046557330326547,1.2385496183206106,LOW
TX,True,split,4,Alaska Native,8,8,1.0,0.6305833524471808,1.0,1.375,OK
TX,True,split,5,AI/AN tribes,277,253,0.9133574007220217,0.8738262876812191,0.9436972099512566,1.227436823104693,OK
TX,True,split,6,Asian,6902,6154,0.8916256157635468,0.8840534972590619,0.8988650703249116,1.15879455230368,FAIL
TX,True,split,7,Native Hawaiian/PI,101,87,0.8613861386138614,0.7783773104113902,0.9220963512091903,1.2079207920792079,LOW
TX,True,split,8,Some other race,6805,6212,0.9128581925055107,0.9059053281715276,0.9194548590375438,1.1628214548126377,OK
TX,True,split,9,Two or more races,2943,2639,0.8967040434930343,0.8851412402873448,0.9074710972127453,1.2048929663608563,LOW
TX,True,mondrian,ALL,everyone,135924,120150,0.8839498543303611,0.8822352860924887,0.8856480245916636,1.2035622848062153,FAIL
TX,True,mondrian,1,White,105835,93128,0.8799357490433222,0.8779623681584954,0.8818882832930077,1.2040440308026645,FAIL
TX,True,mondrian,2,Black,12529,11227,0.8960810918668689,0.8906055372341104,0.9013718650339524,1.2483039348710991,LOW
TX,True,mondrian,3,American Indian,524,457,0.8721374045801527,0.8404798133488844,0.8995175426743323,1.2213740458015268,FAIL
TX,True,mondrian,4,Alaska Native,8,8,1.0,0.6305833524471808,1.0,2.0,OK
TX,True,mondrian,5,AI/AN tribes,277,243,0.8772563176895307,0.8327201310338298,0.9134787776917889,1.1299638989169676,LOW
TX,True,mondrian,6,Asian,6902,6171,0.8940886699507389,0.8865892539321275,0.9012532862641796,1.1643002028397567,LOW
TX,True,mondrian,7,Native Hawaiian/PI,101,87,0.8613861386138614,0.7783773104113902,0.9220963512091903,1.2079207920792079,LOW
TX,True,mondrian,8,Some other race,6805,6195,0.9103600293901543,0.9033222548608696,0.9170438250137611,1.1551800146950773,OK
TX,True,mondrian,9,Two or more races,2943,2634,0.8950050968399592,0.8833646020114387,0.9058533623524359,1.201155283724091,LOW
NY,True,split,ALL,everyone,103021,91077,0.8840624726997408,0.8820918356355724,0.8860114591002571,1.1983576164083052,FAIL
NY,True,split,1,White,73665,65001,0.8823864793321116,0.8800382670517521,0.8847045280131034,1.2107513744654856,FAIL
NY,True,split,2,Black,11647,10173,0.8734438052717438,0.867269327965194,0.8794309579189087,1.1724907701554048,FAIL
NY,True,split,3,American Indian,247,213,0.8623481781376519,0.8129904526172449,0.9027523537027533,1.2186234817813766,LOW
NY,True,split,4,Alaska Native,3,3,1.0,0.2924017738212867,1.0,1.0,OK
NY,True,split,5,AI/AN tribes,101,93,0.9207920792079208,0.8498837989949124,0.9651830896013818,1.1287128712871286,OK
NY,True,split,6,Asian,9453,8491,0.8982333650692902,0.8919624177324136,0.9042576936760965,1.1751824817518248,LOW
NY,True,split,7,Native Hawaiian/PI,38,33,0.868421052631579,0.7191361541162467,0.9558625599420856,1.236842105263158,LOW
NY,True,split,8,Some other race,5456,4922,0.9021260997067448,0.8939334365216093,0.9098856982993175,1.1383797653958945,OK
NY,True,split,9,Two or more races,2411,2148,0.8909166321028619,0.8777875746709153,0.9030871447782022,1.1717129821650767,LOW
NY,True,mondrian,ALL,everyone,103021,91150,0.8847710660933208,0.8828056112552809,0.8867148301327936,1.2003960357596994,FAIL
NY,True,mondrian,1,White,73665,64965,0.8818977804927713,0.8795454052902679,0.884220030853466,1.2093531527862622,FAIL
NY,True,mondrian,2,Black,11647,10275,0.8822014252597236,0.8762082003825722,0.8880028768134666,1.197990898943934,FAIL
NY,True,mondrian,3,American Indian,247,211,0.854251012145749,0.8039746702385605,0.8957852214626351,1.2024291497975708,FAIL
NY,True,mondrian,4,Alaska Native,3,3,1.0,0.2924017738212867,1.0,2.0,OK
NY,True,mondrian,5,AI/AN tribes,101,93,0.9207920792079208,0.8498837989949124,0.9651830896013818,1.099009900990099,OK
NY,True,mondrian,6,Asian,9453,8515,0.9007722416164181,0.8945684736255514,0.9067277870269338,1.1817412461652386,OK
NY,True,mondrian,7,Native Hawaiian/PI,38,33,0.868421052631579,0.7191361541162467,0.9558625599420856,1.236842105263158,LOW
NY,True,mondrian,8,Some other race,5456,4909,0.8997434017595308,0.8914672622844554,0.9075891113475058,1.1314149560117301,LOW
NY,True,mondrian,9,Two or more races,2411,2146,0.8900871007880548,0.8769177463215597,0.9023000118145551,1.1700539195354624,LOW
FL,True,split,ALL,everyone,98925,85964,0.8689815516805661,0.866863029019615,0.8710784148482168,1.2118170331058884,FAIL
FL,True,split,1,White,79215,68351,0.8628542574007448,0.8604391120437413,0.8652427951816491,1.2156662248311556,FAIL
FL,True,split,2,Black,11532,10336,0.8962885882761013,0.8905802367818731,0.9017959952932179,1.2013527575442247,LOW
FL,True,split,3,American Indian,198,169,0.8535353535353535,0.7964718365274266,0.8996645032760584,1.2525252525252526,FAIL
FL,True,split,4,Alaska Native,5,5,1.0,0.47817624989501856,1.0,1.6,OK
FL,True,split,5,AI/AN tribes,56,55,0.9821428571428571,0.9044740973676604,0.9995479984693779,1.1964285714285714,OK
FL,True,split,6,Asian,2929,2561,0.8743598497780812,0.8618109959422487,0.8861553718474887,1.1802663024923181,FAIL
FL,True,split,7,Native Hawaiian/PI,74,70,0.9459459459459459,0.8673448587781756,0.9850776548078481,1.162162162162162,OK
FL,True,split,8,Some other race,2734,2485,0.9089246525237746,0.8975144292313709,0.9194502453693905,1.1861741038771032,OK
FL,True,split,9,Two or more races,2182,1932,0.8854262144821264,0.8713124536202458,0.8984951342270193,1.1993583868011,FAIL
FL,True,mondrian,ALL,everyone,98925,86016,0.8695072024260804,0.8673922517707826,0.8716004626141788,1.2134647460197119,FAIL
FL,True,mondrian,1,White,79215,68303,0.8622483115571545,0.8598287455924627,0.8646413145497309,1.2139115066590924,FAIL
FL,True,mondrian,2,Black,11532,10444,0.905653832813042,0.9001725199204199,0.9109293626780511,1.228494623655914,OK
FL,True,mondrian,3,American Indian,198,164,0.8282828282828283,0.7683969244349106,0.8780528908456067,1.2121212121212122,FAIL
FL,True,mondrian,4,Alaska Native,5,5,1.0,0.47817624989501856,1.0,2.0,OK
FL,True,mondrian,5,AI/AN tribes,56,53,0.9464285714285714,0.8513255490525845,0.9888130291658255,1.125,OK
FL,True,mondrian,6,Asian,2929,2573,0.8784568111983612,0.8660732410906381,0.8900786062764154,1.189825879139638,FAIL
FL,True,mondrian,7,Native Hawaiian/PI,74,70,0.9459459459459459,0.8673448587781756,0.9850776548078481,1.162162162162162,OK
FL,True,mondrian,8,Some other race,2734,2473,0.9045354791514265,0.8929003927795899,0.9152958244806471,1.1762984637893197,OK
FL,True,mondrian,9,Two or more races,2182,1931,0.884967919340055,0.8708316006130766,0.8980606787942707,1.198441796516957,FAIL
